<?xml version="1.0"?>
<!DOCTYPE hibernate-mapping PUBLIC "-//Hibernate/Hibernate Mapping DTD 3.0//EN"
"http://hibernate.sourceforge.net/hibernate-mapping-3.0.dtd">
<!-- Generated Sep 3, 2019 5:10:19 PM by Hibernate Tools 3.5.0.Final -->
<hibernate-mapping>
    <class name="com.hcl.dept.Department" table="DEPARTMENT">
        <id name="deptno" type="int">
            <column name="DEPTNO" />
            <generator class="assigned" />
        </id>
        <property name="dname" type="java.lang.String">
            <column name="DNAME" />
        </property>
        <property name="loc" type="java.lang.String">
            <column name="LOC" />
        </property>
        <property name="head" type="java.lang.String">
            <column name="HEAD" />
        </property>
    </class>
</hibernate-mapping>
